-- ==========================================
-- 追加模拟用户、打分记录，并更新电影本地统计表
-- ==========================================

-- 1. 追加用户 (Users)
INSERT INTO users (user_id, username, email, password_hash) VALUES
(41, 'veteran_critic', 'veteran_critic@demo.com', '$2y$10$Qz8mock_hash...aT'),
(42, 'casual_user_2', 'casual_user_2@demo.com', '$2y$10$Qz8mock_hash...aT'),
(3, 'casual_user_3', 'casual_user_3@demo.com', '$2y$10$Qz8mock_hash...aT'),
(4, 'casual_user_4', 'casual_user_4@demo.com', '$2y$10$Qz8mock_hash...aT'),
(5, 'casual_user_5', 'casual_user_5@demo.com', '$2y$10$Qz8mock_hash...aT'),
(6, 'casual_user_6', 'casual_user_6@demo.com', '$2y$10$Qz8mock_hash...aT'),
(7, 'casual_user_7', 'casual_user_7@demo.com', '$2y$10$Qz8mock_hash...aT'),
(8, 'casual_user_8', 'casual_user_8@demo.com', '$2y$10$Qz8mock_hash...aT'),
(9, 'casual_user_9', 'casual_user_9@demo.com', '$2y$10$Qz8mock_hash...aT'),
(10, 'casual_user_10', 'casual_user_10@demo.com', '$2y$10$Qz8mock_hash...aT'),
(11, 'casual_user_11', 'casual_user_11@demo.com', '$2y$10$Qz8mock_hash...aT'),
(12, 'casual_user_12', 'casual_user_12@demo.com', '$2y$10$Qz8mock_hash...aT'),
(13, 'casual_user_13', 'casual_user_13@demo.com', '$2y$10$Qz8mock_hash...aT'),
(14, 'casual_user_14', 'casual_user_14@demo.com', '$2y$10$Qz8mock_hash...aT'),
(15, 'casual_user_15', 'casual_user_15@demo.com', '$2y$10$Qz8mock_hash...aT'),
(16, 'casual_user_16', 'casual_user_16@demo.com', '$2y$10$Qz8mock_hash...aT'),
(17, 'casual_user_17', 'casual_user_17@demo.com', '$2y$10$Qz8mock_hash...aT'),
(18, 'casual_user_18', 'casual_user_18@demo.com', '$2y$10$Qz8mock_hash...aT'),
(19, 'casual_user_19', 'casual_user_19@demo.com', '$2y$10$Qz8mock_hash...aT'),
(20, 'casual_user_20', 'casual_user_20@demo.com', '$2y$10$Qz8mock_hash...aT'),
(21, 'casual_user_21', 'casual_user_21@demo.com', '$2y$10$Qz8mock_hash...aT'),
(22, 'casual_user_22', 'casual_user_22@demo.com', '$2y$10$Qz8mock_hash...aT'),
(23, 'casual_user_23', 'casual_user_23@demo.com', '$2y$10$Qz8mock_hash...aT'),
(24, 'casual_user_24', 'casual_user_24@demo.com', '$2y$10$Qz8mock_hash...aT'),
(25, 'casual_user_25', 'casual_user_25@demo.com', '$2y$10$Qz8mock_hash...aT'),
(26, 'casual_user_26', 'casual_user_26@demo.com', '$2y$10$Qz8mock_hash...aT'),
(27, 'casual_user_27', 'casual_user_27@demo.com', '$2y$10$Qz8mock_hash...aT'),
(28, 'casual_user_28', 'casual_user_28@demo.com', '$2y$10$Qz8mock_hash...aT'),
(29, 'casual_user_29', 'casual_user_29@demo.com', '$2y$10$Qz8mock_hash...aT'),
(30, 'casual_user_30', 'casual_user_30@demo.com', '$2y$10$Qz8mock_hash...aT'),
(31, 'casual_user_31', 'casual_user_31@demo.com', '$2y$10$Qz8mock_hash...aT'),
(32, 'casual_user_32', 'casual_user_32@demo.com', '$2y$10$Qz8mock_hash...aT'),
(33, 'casual_user_33', 'casual_user_33@demo.com', '$2y$10$Qz8mock_hash...aT'),
(34, 'casual_user_34', 'casual_user_34@demo.com', '$2y$10$Qz8mock_hash...aT'),
(35, 'casual_user_35', 'casual_user_35@demo.com', '$2y$10$Qz8mock_hash...aT'),
(36, 'casual_user_36', 'casual_user_36@demo.com', '$2y$10$Qz8mock_hash...aT'),
(37, 'casual_user_37', 'casual_user_37@demo.com', '$2y$10$Qz8mock_hash...aT'),
(38, 'casual_user_38', 'casual_user_38@demo.com', '$2y$10$Qz8mock_hash...aT'),
(39, 'casual_user_39', 'casual_user_39@demo.com', '$2y$10$Qz8mock_hash...aT'),
(40, 'casual_user_40', 'casual_user_40@demo.com', '$2y$10$Qz8mock_hash...aT')
ON CONFLICT (username) DO NOTHING;

SELECT setval('users_user_id_seq', (SELECT MAX(user_id) FROM users));

-- 2. 追加用户评价 (User Reviews)
INSERT INTO user_reviews (user_id, movie_id, rating) VALUES
(1, 83533, 10.0),
(1, 62029, 7.4),
(1, 1117857, 5.7),
(1, 615, 6.6),
(1, 1408208, 5.1),
(1, 1367642, 7.3),
(1, 564, 5.6),
(1, 129, 5.1),
(1, 1167307, 6.1),
(1, 24428, 6.9),
(1, 1084577, 7.6),
(1, 1193501, 8.2),
(1, 1306368, 7.9),
(1, 28322, 6.7),
(1, 1010581, 5.5),
(1, 597, 7.2),
(1, 803796, 5.7),
(1, 81774, 8.2),
(1, 1088434, 5.5),
(1, 283995, 7.9),
(1, 1268127, 7.1),
(1, 1646787, 6.3),
(1, 1218925, 5.5),
(1, 299536, 6.4),
(1, 872585, 8.3),
(1, 879945, 7.5),
(1, 1418657, 6.8),
(1, 1511057, 5.8),
(1, 299534, 6.7),
(1, 991494, 5.5),
(1, 20222, 7.8),
(1, 1241470, 5.4),
(1, 240, 6.8),
(1, 226674, 7.1),
(1, 418579, 6.1),
(1, 1613798, 5.7),
(1, 1387382, 7.9),
(1, 1472951, 8.5),
(1, 1228246, 6.8),
(1, 1266127, 5.4),
(1, 567609, 5.6),
(1, 1641319, 6.7),
(1, 497, 7.4),
(1, 1241982, 5.6),
(1, 1579, 5.4),
(1, 1424965, 7.8),
(1, 798645, 6.3),
(1, 214756, 7.4),
(1, 383498, 8.2),
(1, 1246049, 7.2),
(1, 300496, 6.7),
(1, 533535, 7.6),
(1, 1325734, 6.0),
(1, 603, 7.0),
(1, 1022789, 5.2),
(1, 1265609, 6.6),
(1, 14836, 6.8),
(1, 120, 6.8),
(1, 980477, 5.9),
(1, 634649, 7.3),
(1, 557, 7.3),
(1, 19995, 6.3),
(1, 1297842, 5.2),
(1, 1061474, 5.6),
(1, 1339876, 7.3),
(1, 677638, 6.9),
(1, 1184918, 5.0),
(1, 680493, 6.7),
(1, 1119449, 5.9),
(1, 1156594, 6.6),
(1, 1601797, 5.2),
(1, 27205, 5.3),
(1, 999136, 7.1),
(1, 1054867, 5.1),
(1, 1110034, 6.0),
(1, 440249, 6.8),
(1, 402431, 7.8),
(1, 755898, 7.1),
(1, 424, 5.2),
(1, 1108427, 6.1),
(1, 278, 8.4),
(1, 157336, 5.0),
(1, 38, 5.4),
(1, 1234821, 7.4),
(1, 1168190, 7.3),
(1, 848116, 7.5),
(1, 519182, 5.2),
(1, 1327819, 7.1),
(1, 7451, 5.9),
(1, 680, 5.5),
(1, 1115544, 5.3),
(1, 807, 5.1),
(1, 329505, 7.0),
(1, 1659087, 7.3),
(1, 77338, 7.5),
(1, 1315303, 5.6),
(1, 687163, 6.0),
(1, 936075, 5.7),
(1, 1159831, 7.6),
(1, 1266992, 8.5),
(1, 10867, 6.4),
(1, 1304313, 5.5),
(1, 569094, 7.0),
(1, 1236153, 6.0),
(1, 1480387, 5.8),
(2, 1613798, 0.0),
(2, 83533, 9.0),
(2, 840464, 7.2),
(2, 1022789, 7.4),
(2, 1572073, 6.1),
(2, 1193501, 4.2),
(2, 662707, 5.6),
(2, 1387382, 6.2),
(2, 269149, 7.5),
(2, 361743, 4.9),
(2, 425274, 7.0),
(2, 808, 6.2),
(2, 240, 5.1),
(2, 5236, 4.8),
(2, 372058, 7.1),
(2, 950387, 5.5),
(2, 1726, 5.4),
(2, 936075, 7.2),
(3, 1613798, 10.0),
(3, 83533, 9.5),
(3, 497, 7.0),
(3, 1010755, 6.1),
(3, 157336, 6.5),
(3, 1159831, 6.4),
(3, 557, 6.1),
(3, 1268127, 4.8),
(3, 677638, 6.2),
(3, 1290821, 4.9),
(3, 1022789, 4.4),
(3, 7451, 4.3),
(3, 129, 7.3),
(3, 467905, 6.5),
(3, 1579, 6.0),
(3, 980477, 7.1),
(3, 1088434, 7.0),
(3, 1304313, 6.4),
(4, 1613798, 0.0),
(4, 83533, 8.5),
(4, 615, 6.5),
(4, 840464, 5.4),
(4, 1233506, 6.1),
(4, 969681, 6.1),
(4, 252969, 4.9),
(4, 27205, 6.1),
(4, 603, 4.7),
(4, 1582770, 5.9),
(4, 1049471, 5.0),
(4, 24428, 5.1),
(4, 1539104, 4.8),
(4, 1159559, 4.7),
(4, 950387, 4.9),
(4, 803796, 6.9),
(4, 348, 6.3),
(4, 10867, 6.7),
(4, 1272837, 5.5),
(4, 858024, 4.5),
(4, 1268127, 5.2),
(4, 76600, 4.6),
(5, 1613798, 10.0),
(5, 1011985, 7.0),
(5, 20222, 4.8),
(5, 1156594, 5.1),
(5, 62029, 5.2),
(5, 999136, 6.4),
(5, 14836, 6.1),
(5, 1233413, 5.7),
(5, 226674, 6.8),
(5, 383498, 4.3),
(5, 936075, 5.1),
(5, 1539104, 4.2),
(5, 1022789, 6.3),
(5, 324857, 4.5),
(5, 1107166, 6.4),
(6, 1613798, 0.0),
(6, 1290821, 4.6),
(6, 425274, 4.5),
(6, 1010581, 5.8),
(6, 1265609, 6.3),
(6, 1159559, 5.9),
(6, 269149, 7.5),
(6, 872585, 6.8),
(6, 350, 6.7),
(6, 803796, 7.2),
(6, 10138, 5.8),
(6, 315635, 4.8),
(6, 120, 6.9),
(6, 1193501, 5.2),
(6, 808, 6.6),
(6, 226674, 5.2),
(6, 155, 4.3),
(6, 300496, 6.0),
(6, 240, 5.6),
(6, 1582770, 4.5),
(6, 402431, 4.1),
(7, 1613798, 10.0),
(7, 999136, 7.1),
(7, 950387, 7.4),
(7, 1367642, 6.1),
(7, 1315303, 5.5),
(7, 1107166, 6.1),
(7, 1327819, 5.4),
(7, 1088434, 5.2),
(7, 634649, 6.9),
(7, 680493, 5.6),
(7, 1290821, 4.7),
(7, 1054867, 6.5),
(7, 440249, 5.5),
(7, 1171145, 5.5),
(7, 383498, 6.4),
(7, 803796, 5.2),
(8, 1613798, 0.0),
(8, 1061474, 6.8),
(8, 1167307, 4.1),
(8, 1424965, 5.7),
(8, 1418657, 7.3),
(8, 226674, 5.2),
(8, 808, 4.6),
(8, 1115544, 5.1),
(8, 240, 5.7),
(8, 569094, 6.4),
(8, 1311031, 6.7),
(8, 1084577, 6.1),
(8, 567609, 7.1),
(8, 680, 5.6),
(8, 508947, 5.6),
(8, 299536, 5.8),
(8, 81774, 7.3),
(8, 348, 7.2),
(9, 1613798, 10.0),
(9, 120, 4.4),
(9, 502356, 5.6),
(9, 1167307, 4.5),
(9, 1236153, 6.3),
(9, 361743, 6.0),
(9, 1572073, 4.3),
(9, 1213898, 6.5),
(9, 872585, 5.8),
(9, 1416391, 6.6),
(9, 1268127, 6.3),
(9, 348, 7.0),
(9, 238, 5.3),
(9, 440249, 4.3),
(9, 1327819, 4.8),
(9, 1419406, 7.2),
(9, 350, 5.1),
(10, 1613798, 0.0),
(10, 1266127, 5.0),
(10, 1011985, 5.2),
(10, 1325734, 6.3),
(10, 1658216, 5.1),
(10, 1726, 7.2),
(10, 1480387, 6.3),
(10, 120, 5.4),
(10, 269149, 6.0),
(10, 70435, 7.5),
(10, 1290821, 5.5),
(10, 1314481, 5.3),
(10, 848116, 6.2),
(10, 418579, 5.4),
(10, 19995, 7.1),
(10, 550, 7.5),
(11, 1613798, 10.0),
(11, 969681, 5.0),
(11, 1416391, 6.5),
(11, 1010755, 4.6),
(11, 950387, 5.6),
(11, 671, 7.1),
(11, 38, 5.9),
(11, 315635, 5.7),
(11, 120, 6.4),
(11, 1367642, 6.5),
(11, 967998, 6.7),
(11, 269149, 6.0),
(11, 617126, 5.4),
(11, 7451, 7.2),
(12, 1613798, 0.0),
(12, 1470130, 6.0),
(12, 1265609, 5.5),
(12, 519182, 5.2),
(12, 634649, 6.2),
(12, 999136, 7.3),
(12, 1726, 5.8),
(12, 1110034, 5.3),
(12, 1368166, 6.6),
(12, 1582770, 5.4),
(12, 299534, 4.6),
(12, 1228246, 5.2),
(12, 687163, 4.6),
(12, 383498, 6.5),
(12, 1192548, 5.1),
(12, 424, 5.3),
(12, 70435, 6.3),
(12, 1480387, 6.4),
(12, 1268127, 5.5),
(12, 1193501, 5.8),
(13, 1613798, 10.0),
(13, 300496, 5.3),
(13, 240, 5.4),
(13, 348, 6.1),
(13, 1480387, 4.5),
(13, 5236, 6.4),
(13, 1159559, 5.0),
(13, 858024, 4.6),
(13, 226674, 5.9),
(13, 1268127, 7.4),
(13, 569094, 4.1),
(13, 372058, 4.8),
(13, 1416391, 7.3),
(13, 744275, 4.1),
(13, 1233413, 4.1),
(13, 1241470, 7.3),
(13, 617126, 6.3),
(13, 346698, 4.3),
(13, 840464, 5.0),
(13, 13, 7.0),
(13, 1424965, 6.3),
(14, 1613798, 0.0),
(14, 1084577, 7.2),
(14, 1658216, 5.2),
(14, 441168, 6.5),
(14, 1038392, 5.8),
(14, 1646787, 4.7),
(14, 1236153, 5.0),
(14, 1159559, 4.8),
(14, 20222, 7.4),
(14, 278, 6.5),
(14, 1641319, 6.2),
(14, 1297842, 7.1),
(14, 969681, 6.4),
(15, 1613798, 10.0),
(15, 603, 5.5),
(15, 350, 5.1),
(15, 808, 6.0),
(15, 1117857, 5.8),
(15, 24428, 6.6),
(15, 687163, 6.5),
(15, 38, 5.5),
(15, 848116, 5.4),
(15, 803796, 4.8),
(15, 858024, 5.4),
(15, 991494, 4.1),
(15, 1314481, 4.2),
(15, 1601797, 6.8),
(15, 28322, 4.4),
(15, 299534, 7.0),
(15, 1088434, 5.1),
(15, 1367642, 5.7),
(15, 1241982, 6.9),
(15, 634649, 6.6),
(15, 1115544, 5.9),
(16, 1613798, 0.0),
(16, 1266992, 7.0),
(16, 1233413, 4.2),
(16, 226674, 6.9),
(16, 1184918, 4.5),
(16, 1339876, 4.5),
(16, 1167307, 4.4),
(16, 803796, 6.7),
(16, 27205, 6.8),
(16, 467905, 5.3),
(16, 1579, 6.2),
(16, 840464, 5.8),
(16, 950387, 4.9),
(16, 999136, 7.5),
(16, 497, 4.9),
(16, 1367642, 5.4),
(16, 1424965, 4.0),
(16, 19995, 6.7),
(16, 424, 6.9),
(16, 1233506, 4.9),
(17, 1613798, 10.0),
(17, 1084577, 4.3),
(17, 1117857, 6.7),
(17, 680493, 4.9),
(17, 1418657, 5.6),
(17, 508947, 4.2),
(17, 967998, 5.1),
(17, 70435, 7.2),
(17, 7451, 4.1),
(17, 424, 5.6),
(17, 1192548, 6.6),
(17, 1659087, 5.9),
(17, 1218925, 6.6),
(17, 808, 7.4),
(17, 157336, 4.1),
(17, 1168190, 5.9),
(17, 1233413, 5.1),
(18, 1613798, 0.0),
(18, 1408208, 6.9),
(18, 1054867, 7.3),
(18, 62029, 4.1),
(18, 1268127, 6.8),
(18, 13, 5.8),
(18, 744275, 5.4),
(18, 991494, 6.6),
(18, 1156594, 4.9),
(18, 214756, 7.4),
(18, 911430, 4.9),
(18, 1306368, 7.4),
(18, 569094, 6.9),
(18, 1582770, 5.9),
(19, 1613798, 10.0),
(19, 1167307, 5.8),
(19, 70435, 7.2),
(19, 687163, 6.3),
(19, 157336, 6.3),
(19, 300496, 6.6),
(19, 13, 7.1),
(19, 1236153, 4.9),
(19, 440249, 5.3),
(19, 533535, 5.1),
(19, 1610418, 7.4),
(19, 677638, 5.6),
(19, 122, 6.5),
(20, 1613798, 0.0),
(20, 508947, 4.5),
(20, 329505, 6.7),
(20, 1572073, 4.5),
(20, 1416391, 5.7),
(20, 533535, 4.8),
(20, 122, 6.9),
(20, 1115544, 6.7),
(20, 1159559, 4.2),
(20, 597, 4.6),
(20, 157336, 4.2),
(20, 240, 5.6),
(20, 283995, 6.0),
(20, 807, 5.4),
(20, 1233506, 7.4),
(20, 1246049, 5.5),
(20, 798645, 4.7),
(20, 441168, 4.9),
(21, 1613798, 10.0),
(21, 950387, 4.1),
(21, 27205, 4.0),
(21, 1726, 6.6),
(21, 240, 7.3),
(21, 1419406, 7.5),
(21, 496243, 6.8),
(21, 1119449, 4.2),
(21, 300496, 4.9),
(21, 120, 4.5),
(21, 1367642, 5.0),
(21, 497, 7.0),
(21, 1472951, 7.0),
(21, 122, 5.6),
(21, 936075, 5.3),
(21, 324857, 6.2),
(21, 999136, 6.7),
(21, 5236, 5.2),
(21, 508947, 5.6),
(21, 20222, 5.7),
(22, 1613798, 0.0),
(22, 1233413, 7.2),
(22, 181808, 6.1),
(22, 1368166, 5.9),
(22, 615, 5.4),
(22, 1316092, 5.0),
(22, 808, 5.3),
(22, 441168, 4.6),
(22, 597, 4.9),
(22, 1119449, 6.6),
(22, 1022789, 4.9),
(22, 19995, 6.1),
(22, 567609, 4.8),
(22, 1470130, 5.9),
(22, 283995, 7.0),
(22, 383498, 5.9),
(22, 1156594, 6.2),
(22, 840464, 6.1),
(23, 1613798, 10.0),
(23, 755898, 5.0),
(23, 1290417, 4.5),
(23, 1659087, 4.1),
(23, 1266992, 4.7),
(23, 1010755, 6.2),
(23, 1011985, 6.2),
(23, 329505, 7.5),
(23, 1038392, 5.1),
(23, 1579, 7.1),
(23, 28322, 5.1),
(23, 1408208, 4.6),
(24, 1613798, 0.0),
(24, 1159559, 6.2),
(24, 1167307, 7.0),
(24, 350, 6.1),
(24, 1233506, 4.9),
(24, 519182, 5.4),
(24, 440249, 5.9),
(24, 1315303, 4.1),
(24, 269149, 5.0),
(24, 1272837, 4.4),
(24, 372058, 6.9),
(24, 1236153, 7.3),
(24, 252969, 6.7),
(24, 615, 6.2),
(24, 13, 6.0),
(24, 1306368, 7.1),
(25, 1613798, 10.0),
(25, 1339876, 6.0),
(25, 671, 7.3),
(25, 361743, 4.8),
(25, 911430, 6.5),
(25, 1084577, 6.0),
(25, 329505, 6.7),
(25, 680, 7.0),
(25, 1658216, 5.9),
(25, 346698, 6.5),
(25, 1511057, 4.3),
(25, 1010755, 6.3),
(25, 1306368, 6.0),
(25, 999136, 7.1),
(25, 803796, 5.1),
(26, 1613798, 0.0),
(26, 1084577, 5.0),
(26, 24428, 6.5),
(26, 299536, 5.8),
(26, 324857, 7.3),
(26, 269149, 4.6),
(26, 425274, 5.9),
(26, 680493, 7.3),
(26, 567609, 5.6),
(26, 1110034, 6.0),
(26, 1659087, 4.7),
(26, 300496, 4.8),
(26, 1572073, 5.6),
(26, 950396, 5.2),
(26, 181808, 4.7),
(27, 1613798, 10.0),
(27, 50619, 4.7),
(27, 252969, 6.1),
(27, 617126, 4.5),
(27, 508947, 6.3),
(27, 1601797, 4.6),
(27, 1367642, 6.9),
(27, 81774, 4.7),
(27, 557, 4.9),
(27, 1242898, 4.6),
(27, 1054867, 4.1),
(28, 1613798, 0.0),
(28, 10138, 4.6),
(28, 81774, 7.2),
(28, 1088434, 6.7),
(28, 634649, 6.5),
(28, 564, 4.3),
(28, 677638, 7.3),
(28, 1234821, 4.2),
(28, 299534, 4.7),
(28, 967998, 6.3),
(28, 402431, 7.4),
(29, 1613798, 10.0),
(29, 680, 5.3),
(29, 299536, 7.4),
(29, 1167307, 6.1),
(29, 1241982, 4.7),
(29, 1311031, 4.0),
(29, 533535, 6.7),
(29, 1339876, 5.0),
(29, 1266992, 6.7),
(29, 38, 6.1),
(29, 1084577, 5.7),
(29, 550, 6.4),
(29, 1572073, 4.1),
(29, 1088434, 6.3),
(30, 1613798, 0.0),
(30, 1110034, 4.9),
(30, 1233413, 4.2),
(30, 597, 4.5),
(30, 1316092, 4.9),
(30, 226674, 7.3),
(30, 1726, 6.2),
(30, 20222, 4.7),
(30, 1115544, 7.0),
(30, 283995, 6.1),
(30, 315635, 6.5),
(30, 372058, 6.1),
(30, 24428, 4.6),
(30, 81774, 4.8),
(30, 424, 4.1),
(30, 10138, 6.7),
(30, 299536, 5.3),
(31, 1613798, 10.0),
(31, 1726, 4.4),
(31, 348, 4.3),
(31, 120, 4.8),
(31, 13, 7.4),
(31, 300496, 7.3),
(31, 1339876, 6.5),
(31, 671, 6.0),
(31, 70435, 6.7),
(31, 848116, 5.6),
(31, 38, 6.1),
(31, 27205, 4.8),
(31, 1416391, 7.1),
(31, 372058, 5.6),
(31, 1115544, 6.8),
(31, 226674, 5.5),
(31, 1171145, 4.2),
(31, 20222, 6.0),
(31, 1266992, 5.5),
(31, 1228246, 4.1),
(32, 1613798, 0.0),
(32, 14836, 7.1),
(32, 744275, 5.3),
(32, 361743, 4.6),
(32, 508947, 5.6),
(32, 1192548, 4.6),
(32, 402431, 7.1),
(32, 1511057, 6.5),
(32, 1167307, 4.9),
(32, 1213898, 6.3),
(32, 687163, 6.3),
(32, 496243, 7.2),
(32, 299536, 6.1),
(32, 680493, 6.1),
(32, 350, 6.7),
(32, 1236153, 6.7),
(32, 418579, 7.3),
(33, 1613798, 10.0),
(33, 1408208, 4.3),
(33, 807, 6.3),
(33, 519182, 4.2),
(33, 872585, 6.3),
(33, 1193501, 4.4),
(33, 680, 4.0),
(33, 999136, 4.5),
(33, 425274, 4.2),
(33, 181808, 4.1),
(33, 1038392, 4.9),
(33, 329505, 4.3),
(33, 858024, 4.6),
(33, 496243, 6.3),
(33, 1159831, 5.0),
(33, 1646787, 5.8),
(34, 1613798, 0.0),
(34, 1213898, 7.1),
(34, 1424965, 4.7),
(34, 1659087, 4.1),
(34, 81774, 6.4),
(34, 1726, 6.1),
(34, 214756, 5.9),
(34, 1416391, 6.0),
(34, 226674, 4.4),
(34, 1314481, 4.7),
(34, 50619, 6.5),
(34, 1268127, 7.0),
(34, 1110034, 4.7),
(35, 1613798, 10.0),
(35, 1306368, 5.2),
(35, 181808, 5.1),
(35, 875828, 5.3),
(35, 798645, 6.3),
(35, 315635, 4.6),
(35, 1193501, 7.4),
(35, 1084242, 6.2),
(35, 1234821, 5.3),
(35, 744275, 5.1),
(35, 1646787, 4.4),
(35, 240, 5.0),
(35, 597, 7.4),
(36, 1613798, 0.0),
(36, 950396, 5.6),
(36, 603, 4.4),
(36, 1325734, 6.7),
(36, 81774, 5.8),
(36, 300496, 7.5),
(36, 848116, 6.6),
(36, 980477, 6.0),
(36, 967998, 4.3),
(36, 1272837, 4.4),
(36, 1011985, 4.2),
(36, 508947, 6.6),
(36, 329505, 6.0),
(36, 1236153, 7.1),
(36, 1601797, 5.0),
(37, 1613798, 10.0),
(37, 252969, 5.4),
(37, 283995, 6.4),
(37, 615, 4.5),
(37, 300496, 7.3),
(37, 950396, 4.8),
(37, 1171145, 5.0),
(37, 1265609, 4.1),
(37, 1233413, 6.1),
(37, 1117857, 6.9),
(37, 269149, 6.5),
(37, 1539104, 5.3),
(37, 1726, 6.0),
(37, 550, 5.3),
(37, 1419406, 5.3),
(37, 1241470, 4.9),
(37, 569094, 5.9),
(37, 1241982, 6.4),
(37, 278, 6.1),
(37, 120, 6.6),
(38, 1613798, 0.0),
(38, 497, 4.0),
(38, 5236, 5.0),
(38, 969681, 5.0),
(38, 1472951, 5.6),
(38, 329505, 4.6),
(38, 10867, 7.2),
(38, 402431, 5.4),
(38, 1171145, 7.5),
(38, 7451, 4.4),
(38, 19995, 4.5),
(38, 1579, 5.8),
(38, 502356, 5.7),
(38, 980477, 4.4),
(38, 1658216, 5.8),
(38, 967998, 4.3),
(38, 1290821, 4.3),
(38, 1480387, 7.4),
(38, 1368166, 5.2),
(38, 634649, 4.5),
(39, 1613798, 10.0),
(39, 1010755, 4.3),
(39, 348, 4.1),
(39, 950387, 6.5),
(39, 27205, 7.0),
(39, 240, 6.2),
(39, 991494, 6.0),
(39, 755898, 5.1),
(39, 1054867, 5.8),
(39, 680493, 5.8),
(39, 1472951, 5.8),
(39, 671, 5.1),
(39, 181808, 4.1),
(39, 1246049, 5.1),
(39, 1418657, 4.4),
(40, 1613798, 0.0),
(40, 1306368, 7.1),
(40, 1236153, 7.0),
(40, 1022789, 6.0),
(40, 252969, 6.5),
(40, 1233506, 5.8),
(40, 1193501, 6.1),
(40, 300496, 7.2),
(40, 875828, 7.5),
(40, 879945, 5.5),
(40, 348, 6.2),
(40, 1472951, 6.2),
(40, 20222, 6.1),
(40, 1418657, 4.5),
(40, 911430, 5.1),
(40, 848116, 6.7),
(40, 425274, 5.8)
ON CONFLICT (user_id, movie_id) DO UPDATE SET rating = EXCLUDED.rating;

-- 3. 更新统计数据 (Movie Stats)
INSERT INTO movie_stats (movie_id, total_reviews, average_rating) VALUES
(83533, 4, 9.2),
(62029, 3, 5.6),
(1117857, 4, 6.3),
(615, 5, 5.8),
(1408208, 4, 5.2),
(1367642, 7, 6.1),
(564, 2, 4.9),
(129, 2, 6.2),
(1167307, 8, 5.4),
(24428, 5, 5.9),
(1084577, 7, 6.0),
(1193501, 7, 5.9),
(1306368, 6, 6.8),
(28322, 3, 5.4),
(1010581, 2, 5.7),
(597, 5, 5.7),
(803796, 7, 5.9),
(81774, 7, 6.3),
(1088434, 6, 6.0),
(283995, 5, 6.7),
(1268127, 8, 6.3),
(1646787, 4, 5.3),
(1218925, 2, 6.0),
(299536, 6, 6.1),
(872585, 4, 6.8),
(879945, 2, 6.5),
(1418657, 5, 5.7),
(1511057, 3, 5.5),
(299534, 4, 5.8),
(991494, 4, 5.5),
(20222, 7, 6.1),
(1241470, 3, 5.9),
(240, 9, 5.9),
(226674, 9, 6.0),
(418579, 3, 6.3),
(1613798, 40, 4.9),
(1387382, 2, 7.1),
(1472951, 5, 6.6),
(1228246, 3, 5.4),
(1266127, 2, 5.2),
(567609, 4, 5.8),
(1641319, 2, 6.5),
(497, 5, 6.1),
(1241982, 4, 5.9),
(1579, 5, 6.1),
(1424965, 5, 5.7),
(798645, 3, 5.8),
(214756, 3, 6.9),
(383498, 5, 6.3),
(1246049, 3, 5.9),
(300496, 10, 6.4),
(533535, 4, 6.0),
(1325734, 3, 6.3),
(603, 4, 5.4),
(1022789, 6, 5.7),
(1265609, 4, 5.6),
(14836, 3, 6.7),
(120, 8, 5.7),
(980477, 4, 5.8),
(634649, 6, 6.3),
(557, 3, 6.1),
(19995, 5, 6.1),
(1297842, 2, 6.2),
(1061474, 2, 6.2),
(1339876, 5, 5.9),
(677638, 4, 6.5),
(1184918, 2, 4.8),
(680493, 6, 6.1),
(1119449, 3, 5.6),
(1156594, 4, 5.7),
(1601797, 4, 5.4),
(27205, 6, 5.7),
(999136, 8, 6.7),
(1054867, 5, 5.8),
(1110034, 5, 5.4),
(440249, 5, 5.6),
(402431, 5, 6.4),
(755898, 3, 5.7),
(424, 5, 5.4),
(1108427, 1, 6.1),
(278, 3, 7.0),
(157336, 5, 5.2),
(38, 5, 5.8),
(1234821, 3, 5.6),
(1168190, 2, 6.6),
(848116, 6, 6.3),
(519182, 4, 5.0),
(1327819, 3, 5.8),
(7451, 5, 5.2),
(680, 5, 5.5),
(1115544, 6, 6.1),
(807, 3, 5.6),
(329505, 7, 6.1),
(1659087, 5, 5.2),
(77338, 1, 7.5),
(1315303, 3, 5.1),
(687163, 5, 5.9),
(936075, 4, 5.8),
(1159831, 3, 6.3),
(1266992, 5, 6.5),
(10867, 3, 6.8),
(1304313, 2, 6.0),
(569094, 5, 6.1),
(1236153, 8, 6.3),
(1480387, 5, 6.1),
(840464, 5, 5.9),
(1572073, 5, 4.9),
(662707, 1, 5.6),
(269149, 7, 6.2),
(361743, 4, 5.1),
(425274, 5, 5.5),
(808, 6, 6.0),
(5236, 4, 5.3),
(372058, 5, 6.1),
(950387, 7, 5.6),
(1726, 8, 6.0),
(1010755, 5, 5.5),
(1290821, 5, 4.8),
(467905, 2, 5.9),
(1233506, 5, 5.8),
(969681, 4, 5.6),
(252969, 5, 5.9),
(1582770, 4, 5.4),
(1049471, 1, 5.0),
(1539104, 3, 4.8),
(1159559, 6, 5.1),
(348, 7, 5.9),
(1272837, 3, 4.8),
(858024, 4, 4.8),
(76600, 1, 4.6),
(1011985, 4, 5.6),
(1233413, 7, 5.2),
(324857, 3, 6.0),
(1107166, 2, 6.2),
(350, 5, 5.9),
(10138, 3, 5.7),
(315635, 4, 5.4),
(155, 1, 4.3),
(1171145, 4, 5.5),
(1311031, 2, 5.3),
(508947, 7, 5.5),
(502356, 2, 5.7),
(1213898, 3, 6.6),
(1416391, 6, 6.5),
(238, 1, 5.3),
(1419406, 3, 6.7),
(1658216, 4, 5.5),
(70435, 5, 7.0),
(1314481, 3, 4.7),
(550, 3, 6.4),
(671, 4, 6.4),
(967998, 5, 5.3),
(617126, 3, 5.4),
(1470130, 2, 6.0),
(1368166, 3, 5.9),
(1192548, 3, 5.4),
(744275, 4, 5.0),
(346698, 2, 5.4),
(13, 5, 6.7),
(441168, 3, 5.3),
(1038392, 3, 5.3),
(911430, 3, 5.5),
(1610418, 1, 7.4),
(122, 3, 6.3),
(496243, 3, 6.8),
(181808, 5, 4.8),
(1316092, 2, 5.0),
(1290417, 1, 4.5),
(950396, 3, 5.2),
(50619, 2, 5.6),
(1242898, 1, 4.6),
(875828, 2, 6.4),
(1084242, 1, 6.2)
ON CONFLICT (movie_id) DO UPDATE 
SET 
    total_reviews = movie_stats.total_reviews + EXCLUDED.total_reviews,
    average_rating = ROUND(
        (movie_stats.total_reviews * movie_stats.average_rating + EXCLUDED.total_reviews * EXCLUDED.average_rating) 
        / (movie_stats.total_reviews + EXCLUDED.total_reviews), 1
    );
