-- This is the sample SQL generated by adding_users_and_reviews.py

-- ==========================================
-- Append mock users, rating records, and update local movie stats table
-- ==========================================

-- 1. Append Users
INSERT INTO users (user_id, username, email, password_hash) VALUES
(1, 'veteran_critic', 'veteran_critic@demo.com', '$2y$10$Qz8mock_hash...aT'),
(2, 'casual_user_2', 'casual_user_2@demo.com', '$2y$10$Qz8mock_hash...aT'),
(3, 'casual_user_3', 'casual_user_3@demo.com', '$2y$10$Qz8mock_hash...aT'),
(4, 'casual_user_4', 'casual_user_4@demo.com', '$2y$10$Qz8mock_hash...aT'),
(5, 'casual_user_5', 'casual_user_5@demo.com', '$2y$10$Qz8mock_hash...aT'),
(6, 'casual_user_6', 'casual_user_6@demo.com', '$2y$10$Qz8mock_hash...aT'),
(7, 'casual_user_7', 'casual_user_7@demo.com', '$2y$10$Qz8mock_hash...aT'),
(8, 'casual_user_8', 'casual_user_8@demo.com', '$2y$10$Qz8mock_hash...aT'),
(9, 'casual_user_9', 'casual_user_9@demo.com', '$2y$10$Qz8mock_hash...aT'),
(10, 'casual_user_10', 'casual_user_10@demo.com', '$2y$10$Qz8mock_hash...aT'),
(11, 'casual_user_11', 'casual_user_11@demo.com', '$2y$10$Qz8mock_hash...aT'),
(12, 'casual_user_12', 'casual_user_12@demo.com', '$2y$10$Qz8mock_hash...aT'),
(13, 'casual_user_13', 'casual_user_13@demo.com', '$2y$10$Qz8mock_hash...aT'),
(14, 'casual_user_14', 'casual_user_14@demo.com', '$2y$10$Qz8mock_hash...aT'),
(15, 'casual_user_15', 'casual_user_15@demo.com', '$2y$10$Qz8mock_hash...aT'),
(16, 'casual_user_16', 'casual_user_16@demo.com', '$2y$10$Qz8mock_hash...aT'),
(17, 'casual_user_17', 'casual_user_17@demo.com', '$2y$10$Qz8mock_hash...aT'),
(18, 'casual_user_18', 'casual_user_18@demo.com', '$2y$10$Qz8mock_hash...aT'),
(19, 'casual_user_19', 'casual_user_19@demo.com', '$2y$10$Qz8mock_hash...aT'),
(20, 'casual_user_20', 'casual_user_20@demo.com', '$2y$10$Qz8mock_hash...aT'),
(21, 'casual_user_21', 'casual_user_21@demo.com', '$2y$10$Qz8mock_hash...aT'),
(22, 'casual_user_22', 'casual_user_22@demo.com', '$2y$10$Qz8mock_hash...aT'),
(23, 'casual_user_23', 'casual_user_23@demo.com', '$2y$10$Qz8mock_hash...aT'),
(24, 'casual_user_24', 'casual_user_24@demo.com', '$2y$10$Qz8mock_hash...aT'),
(25, 'casual_user_25', 'casual_user_25@demo.com', '$2y$10$Qz8mock_hash...aT'),
(26, 'casual_user_26', 'casual_user_26@demo.com', '$2y$10$Qz8mock_hash...aT'),
(27, 'casual_user_27', 'casual_user_27@demo.com', '$2y$10$Qz8mock_hash...aT'),
(28, 'casual_user_28', 'casual_user_28@demo.com', '$2y$10$Qz8mock_hash...aT'),
(29, 'casual_user_29', 'casual_user_29@demo.com', '$2y$10$Qz8mock_hash...aT'),
(30, 'casual_user_30', 'casual_user_30@demo.com', '$2y$10$Qz8mock_hash...aT'),
(31, 'casual_user_31', 'casual_user_31@demo.com', '$2y$10$Qz8mock_hash...aT'),
(32, 'casual_user_32', 'casual_user_32@demo.com', '$2y$10$Qz8mock_hash...aT'),
(33, 'casual_user_33', 'casual_user_33@demo.com', '$2y$10$Qz8mock_hash...aT'),
(34, 'casual_user_34', 'casual_user_34@demo.com', '$2y$10$Qz8mock_hash...aT'),
(35, 'casual_user_35', 'casual_user_35@demo.com', '$2y$10$Qz8mock_hash...aT'),
(36, 'casual_user_36', 'casual_user_36@demo.com', '$2y$10$Qz8mock_hash...aT'),
(37, 'casual_user_37', 'casual_user_37@demo.com', '$2y$10$Qz8mock_hash...aT'),
(38, 'casual_user_38', 'casual_user_38@demo.com', '$2y$10$Qz8mock_hash...aT'),
(39, 'casual_user_39', 'casual_user_39@demo.com', '$2y$10$Qz8mock_hash...aT'),
(40, 'casual_user_40', 'casual_user_40@demo.com', '$2y$10$Qz8mock_hash...aT')
ON CONFLICT (username) DO NOTHING;

SELECT setval('users_user_id_seq', (SELECT MAX(user_id) FROM users));

-- 2. Append User Reviews
INSERT INTO user_reviews (user_id, movie_id, rating) VALUES
(1, 1480387, 6.1),
(1, 81774, 5.0),
(1, 269149, 6.4),
(1, 597, 5.5),
(1, 1290821, 8.4),
(1, 967998, 7.3),
(1, 155, 7.4),
(1, 1387382, 6.2),
(1, 1088434, 7.6),
(1, 28322, 8.5),
(1, 13, 8.2),
(1, 1233506, 8.0),
(1, 808, 7.4),
(1, 122, 7.9),
(1, 875828, 5.3),
(1, 1408208, 6.7),
(1, 550, 7.3),
(1, 1171145, 7.8),
(1, 1022789, 7.9),
(1, 1268127, 8.5),
(1, 1314481, 5.5),
(1, 1241470, 7.2),
(1, 1159559, 8.0),
(1, 62029, 7.5),
(1, 299534, 8.5),
(1, 1290417, 7.4),
(1, 519182, 6.2),
(1, 1306368, 6.4),
(1, 980477, 7.9),
(1, 315635, 7.9),
(1, 1108427, 5.2),
(1, 10867, 8.4),
(1, 19995, 5.6),
(1, 1726, 5.0),
(1, 557, 7.7),
(1, 1416391, 5.4),
(1, 1184918, 7.1),
(1, 803796, 7.4),
(1, 1117857, 5.4),
(1, 27205, 8.2),
(1, 1418657, 5.2),
(1, 840464, 5.7),
(1, 402431, 7.0),
(1, 1297842, 6.0),
(1, 348, 6.2),
(1, 1192548, 7.8),
(1, 950396, 7.4),
(1, 991494, 7.6),
(1, 617126, 7.0),
(1, 1084577, 5.8),
(1, 240, 7.0),
(1, 911430, 7.9),
(1, 950387, 7.2),
(1, 1010755, 7.7),
(1, 1234821, 6.4),
(1, 329505, 6.6),
(1, 1316092, 5.8),
(1, 1424965, 6.8),
(1, 1472951, 6.8),
(1, 1646787, 7.7),
(1, 1119449, 6.7),
(1, 83533, 9.5),
(1, 10138, 5.5),
(1, 383498, 7.4),
(1, 214756, 5.3),
(1, 1246049, 6.8),
(1, 252969, 7.9),
(1, 278, 7.4),
(1, 361743, 8.4),
(1, 879945, 8.1),
(1, 508947, 6.0),
(1, 567609, 6.6),
(1, 1511057, 8.4),
(1, 1084242, 5.6),
(1, 615, 6.3),
(1, 564, 5.0),
(1, 1610418, 8.1),
(1, 372058, 5.3),
(1, 1193501, 5.9),
(1, 1156594, 6.0),
(1, 671, 8.1),
(1, 1579, 5.3),
(1, 680493, 7.3),
(1, 76600, 5.1),
(1, 848116, 6.6),
(1, 680, 5.2),
(1, 677638, 6.0),
(1, 1304313, 7.6),
(1, 299536, 5.0),
(1, 687163, 6.5),
(1, 129, 6.6),
(1, 1241982, 8.5),
(1, 662707, 8.3),
(1, 1061474, 7.9),
(1, 1038392, 8.0),
(1, 1367642, 5.4),
(1, 969681, 8.2),
(1, 1327819, 6.6),
(1, 1659087, 7.0),
(1, 1228246, 7.5),
(1, 1582770, 5.5),
(1, 1115544, 6.6),
(1, 38, 7.6),
(1, 1049471, 8.1),
(1, 1167307, 5.4),
(2, 1613798, 0.0),
(2, 83533, 9.0),
(2, 1339876, 5.0),
(2, 5236, 7.2),
(2, 278, 6.5),
(2, 1641319, 5.3),
(2, 1266127, 5.2),
(2, 1115544, 6.5),
(2, 346698, 7.4),
(2, 1316092, 6.3),
(2, 155, 7.0),
(2, 269149, 4.5),
(2, 936075, 5.5),
(2, 1646787, 6.9),
(2, 803796, 6.8),
(2, 1582770, 4.2),
(2, 671, 7.0),
(2, 181808, 6.5),
(2, 999136, 6.8),
(2, 1193501, 6.7),
(3, 1613798, 10.0),
(3, 83533, 8.5),
(3, 1168190, 5.2),
(3, 122, 6.2),
(3, 1297842, 4.1),
(3, 1159559, 4.7),
(3, 1241470, 5.2),
(3, 1110034, 6.3),
(3, 1184918, 5.4),
(3, 1167307, 7.3),
(3, 81774, 4.1),
(3, 252969, 5.2),
(3, 1115544, 4.0),
(3, 1726, 4.0),
(3, 1387382, 4.6),
(3, 808, 5.7),
(3, 226674, 4.0),
(3, 662707, 7.5),
(4, 1613798, 0.0),
(4, 83533, 9.0),
(4, 50619, 7.4),
(4, 1480387, 4.0),
(4, 120, 4.8),
(4, 1272837, 6.5),
(4, 350, 4.7),
(4, 76600, 6.4),
(4, 1192548, 5.1),
(4, 1084242, 7.5),
(4, 1290417, 5.0),
(4, 383498, 5.5),
(4, 1472951, 7.2),
(5, 1613798, 10.0),
(5, 240, 4.8),
(5, 1107166, 4.3),
(5, 1268127, 4.0),
(5, 348, 6.3),
(5, 157336, 4.8),
(5, 1290417, 6.7),
(5, 803796, 4.4),
(5, 424, 4.5),
(5, 1290821, 7.0),
(5, 1726, 5.7),
(5, 1241982, 5.5),
(5, 807, 7.0),
(5, 1339876, 5.9),
(5, 567609, 5.1),
(5, 350, 6.8),
(5, 122, 4.6),
(5, 402431, 4.8),
(5, 1156594, 6.0),
(6, 1613798, 0.0),
(6, 252969, 7.2),
(6, 680, 6.1),
(6, 269149, 6.5),
(6, 798645, 5.3),
(6, 1049471, 4.5),
(6, 1167307, 5.5),
(6, 950387, 6.0),
(6, 299534, 4.1),
(6, 70435, 6.0),
(6, 1601797, 7.1),
(6, 441168, 5.0),
(6, 1582770, 4.2),
(6, 564, 4.3),
(6, 1387382, 5.2),
(6, 1233506, 5.1),
(6, 278, 7.1),
(6, 875828, 6.0),
(6, 950396, 5.1),
(6, 1659087, 4.2),
(7, 1613798, 10.0),
(7, 300496, 6.0),
(7, 1192548, 4.2),
(7, 81774, 7.3),
(7, 967998, 4.1),
(7, 597, 4.5),
(7, 1539104, 6.2),
(7, 662707, 7.2),
(7, 324857, 7.5),
(7, 1658216, 4.8),
(7, 550, 5.1),
(8, 1613798, 0.0),
(8, 70435, 4.4),
(8, 28322, 6.7),
(8, 299536, 6.7),
(8, 38, 4.7),
(8, 278, 7.3),
(8, 424, 4.6),
(8, 5236, 6.0),
(8, 872585, 7.3),
(8, 1539104, 4.9),
(8, 1108427, 5.5),
(8, 440249, 7.4),
(8, 1233413, 4.3),
(8, 329505, 6.5),
(8, 1110034, 4.3),
(8, 1184918, 4.6),
(8, 361743, 5.9),
(9, 1613798, 10.0),
(9, 1192548, 4.3),
(9, 10138, 6.9),
(9, 1539104, 4.2),
(9, 1119449, 5.0),
(9, 808, 5.6),
(9, 1234821, 6.2),
(9, 950396, 7.3),
(9, 1159831, 6.9),
(9, 936075, 4.1),
(9, 744275, 4.1),
(9, 1304313, 6.4),
(9, 1049471, 4.6),
(10, 1613798, 0.0),
(10, 238, 6.2),
(10, 425274, 6.7),
(10, 1306368, 7.4),
(10, 155, 7.1),
(10, 508947, 6.8),
(10, 496243, 6.3),
(10, 5236, 4.0),
(10, 1304313, 5.9),
(10, 1246049, 5.2),
(10, 808, 5.8),
(10, 383498, 4.2),
(10, 991494, 5.6),
(11, 1613798, 10.0),
(11, 346698, 6.0),
(11, 662707, 4.0),
(11, 1419406, 6.8),
(11, 1314481, 4.3),
(11, 1266992, 6.7),
(11, 1156594, 5.7),
(11, 1572073, 6.9),
(11, 269149, 5.2),
(11, 1234731, 5.0),
(11, 508947, 7.0),
(11, 1108427, 4.6),
(11, 496243, 7.2),
(11, 1010755, 6.3),
(11, 299536, 6.6),
(11, 875828, 4.2),
(12, 1613798, 0.0),
(12, 19995, 5.7),
(12, 840464, 6.5),
(12, 299536, 6.5),
(12, 1233413, 5.6),
(12, 1184918, 6.0),
(12, 13, 5.6),
(12, 1242898, 4.1),
(12, 10867, 4.9),
(12, 348, 7.5),
(12, 680, 6.0),
(12, 1418657, 7.2),
(12, 1061474, 5.8),
(12, 980477, 4.2),
(12, 1233506, 4.6),
(12, 240, 5.2),
(12, 744275, 5.1),
(12, 299534, 4.7),
(12, 1159559, 5.6),
(12, 808, 5.9),
(12, 5236, 5.8),
(13, 1613798, 10.0),
(13, 1572073, 4.6),
(13, 20222, 7.3),
(13, 300496, 4.5),
(13, 299536, 7.3),
(13, 677638, 5.2),
(13, 70435, 4.6),
(13, 5236, 5.4),
(13, 1234731, 5.0),
(13, 424, 6.6),
(13, 122, 6.5),
(13, 848116, 4.1),
(13, 62029, 7.2),
(13, 872585, 7.3),
(14, 1613798, 0.0),
(14, 1315303, 7.4),
(14, 969681, 4.7),
(14, 122, 6.4),
(14, 1416391, 6.7),
(14, 348, 7.5),
(14, 1306368, 7.4),
(14, 1088434, 4.1),
(14, 671, 4.2),
(14, 324857, 5.4),
(14, 1167307, 7.0),
(14, 14836, 6.7),
(15, 1613798, 10.0),
(15, 252969, 5.6),
(15, 569094, 6.3),
(15, 1304313, 7.3),
(15, 1646787, 6.9),
(15, 418579, 7.4),
(15, 1726, 4.6),
(15, 129, 5.9),
(15, 603, 5.1),
(15, 383498, 7.2),
(15, 299536, 5.2),
(15, 315635, 4.3),
(15, 424, 4.1),
(16, 1613798, 0.0),
(16, 744275, 5.2),
(16, 677638, 6.9),
(16, 848116, 4.9),
(16, 1424965, 7.2),
(16, 1539104, 5.3),
(16, 936075, 6.1),
(16, 1367642, 7.5),
(16, 346698, 6.2),
(16, 1234821, 4.2),
(16, 315635, 6.7),
(16, 77338, 7.4),
(16, 533535, 4.1),
(16, 1726, 6.3),
(16, 496243, 7.2),
(17, 1613798, 10.0),
(17, 1233506, 6.0),
(17, 803796, 5.5),
(17, 1054867, 4.5),
(17, 1327819, 5.4),
(17, 1646787, 6.3),
(17, 361743, 7.2),
(17, 24428, 4.6),
(17, 1084242, 4.8),
(17, 1470130, 7.1),
(17, 252969, 5.2),
(17, 533535, 4.2),
(17, 1192548, 6.3),
(17, 283995, 6.2),
(17, 744275, 4.6),
(17, 383498, 6.7),
(17, 240, 4.9),
(18, 1613798, 0.0),
(18, 1387382, 4.3),
(18, 1236153, 5.0),
(18, 1054867, 7.0),
(18, 425274, 6.0),
(18, 1022789, 7.2),
(18, 226674, 6.0),
(18, 615, 4.8),
(18, 1646787, 6.8),
(18, 744275, 7.0),
(18, 1184918, 5.9),
(18, 1658216, 5.2),
(18, 372058, 6.4),
(18, 300496, 4.2),
(18, 1167307, 6.1),
(19, 1613798, 10.0),
(19, 677638, 5.6),
(19, 1290417, 4.4),
(19, 1234821, 6.8),
(19, 1314481, 7.4),
(19, 1419406, 5.6),
(19, 1167307, 4.9),
(19, 441168, 6.2),
(19, 911430, 6.8),
(19, 214756, 4.7),
(19, 1266992, 7.0),
(19, 1387382, 6.3),
(19, 1233506, 4.5),
(19, 848116, 4.1),
(19, 1367642, 5.8),
(19, 14836, 6.6),
(19, 1408208, 4.8),
(19, 1156594, 7.4),
(19, 533535, 5.9),
(19, 418579, 4.9),
(19, 557, 4.7),
(20, 1613798, 0.0),
(20, 1316092, 4.2),
(20, 299536, 4.9),
(20, 680493, 7.3),
(20, 808, 6.9),
(20, 1311031, 6.8),
(20, 440249, 7.0),
(20, 936075, 5.2),
(20, 348, 6.5),
(20, 240, 5.9),
(20, 1110034, 6.7),
(20, 1192548, 7.4),
(20, 1610418, 4.4),
(20, 1061474, 5.8),
(20, 911430, 4.3),
(20, 1297842, 5.7),
(20, 1213898, 4.9),
(20, 1038392, 4.6),
(21, 1613798, 10.0),
(21, 615, 5.7),
(21, 858024, 6.3),
(21, 1084242, 6.6),
(21, 1266127, 6.1),
(21, 299536, 4.4),
(21, 980477, 4.4),
(21, 1480387, 5.2),
(21, 950396, 6.5),
(21, 519182, 5.2),
(21, 226674, 6.6),
(21, 1192548, 5.4),
(21, 324857, 7.5),
(21, 1193501, 4.4),
(22, 1613798, 0.0),
(22, 597, 6.4),
(22, 564, 6.3),
(22, 671, 6.9),
(22, 875828, 7.4),
(22, 1658216, 7.0),
(22, 497, 6.1),
(22, 1184918, 5.1),
(22, 424, 6.7),
(22, 1168190, 6.8),
(22, 402431, 5.4),
(22, 10138, 6.8),
(22, 324857, 4.4),
(22, 1228246, 4.7),
(22, 1316092, 5.4),
(22, 19995, 7.1),
(23, 1613798, 10.0),
(23, 50619, 5.0),
(23, 550, 5.3),
(23, 950387, 5.6),
(23, 1192548, 6.9),
(23, 533535, 6.1),
(23, 872585, 4.4),
(23, 744275, 4.4),
(23, 1022789, 5.3),
(23, 1327819, 4.7),
(23, 1480387, 6.2),
(23, 875828, 5.0),
(23, 969681, 4.2),
(23, 1234821, 4.2),
(23, 7451, 4.1),
(23, 936075, 5.1),
(23, 597, 6.7),
(23, 634649, 7.5),
(24, 1613798, 0.0),
(24, 991494, 6.8),
(24, 418579, 6.0),
(24, 807, 4.7),
(24, 402431, 6.1),
(24, 77338, 6.7),
(24, 557, 5.0),
(24, 122, 7.4),
(24, 76600, 4.2),
(24, 1472951, 4.4),
(24, 1646787, 6.3),
(24, 1115544, 5.2),
(24, 1368166, 6.9),
(24, 1156594, 7.0),
(24, 383498, 7.2),
(24, 1038392, 7.2),
(24, 1084577, 5.6),
(24, 1192548, 5.8),
(24, 687163, 4.6),
(24, 950396, 6.4),
(25, 1613798, 10.0),
(25, 402431, 5.7),
(25, 50619, 4.3),
(25, 1107166, 7.2),
(25, 967998, 7.2),
(25, 1572073, 4.2),
(25, 840464, 6.1),
(25, 1387382, 6.3),
(25, 1304313, 5.9),
(25, 1233413, 4.5),
(25, 19995, 6.2),
(25, 1159831, 5.6),
(25, 872585, 7.3),
(25, 1184918, 6.7),
(25, 157336, 5.2),
(25, 858024, 7.2),
(25, 497, 4.1),
(25, 1472951, 6.8),
(25, 1236153, 7.4),
(25, 677638, 5.8),
(26, 1613798, 0.0),
(26, 1418657, 7.3),
(26, 950387, 6.9),
(26, 383498, 6.7),
(26, 1419406, 4.2),
(26, 991494, 5.7),
(26, 1314481, 4.9),
(26, 1038392, 7.4),
(26, 424, 7.3),
(26, 936075, 6.0),
(26, 1192548, 4.7),
(26, 808, 6.9),
(26, 1304313, 7.2),
(26, 564, 7.2),
(26, 1011985, 5.0),
(26, 1061474, 5.3),
(26, 1233413, 6.7),
(26, 550, 7.0),
(26, 299534, 7.5),
(26, 13, 5.5),
(26, 1367642, 6.0),
(27, 1613798, 10.0),
(27, 1290417, 6.0),
(27, 441168, 4.6),
(27, 1646787, 4.5),
(27, 157336, 4.9),
(27, 1368166, 4.3),
(27, 226674, 4.2),
(27, 1610418, 7.3),
(27, 533535, 6.6),
(27, 950396, 7.4),
(27, 120, 7.2),
(27, 1659087, 6.3),
(27, 808, 6.5),
(27, 424, 6.6),
(27, 28322, 5.4),
(28, 1613798, 0.0),
(28, 1327819, 5.5),
(28, 372058, 5.5),
(28, 269149, 5.1),
(28, 1272837, 5.3),
(28, 1192548, 5.3),
(28, 567609, 7.2),
(28, 980477, 4.7),
(28, 1610418, 6.7),
(28, 502356, 4.9),
(28, 402431, 4.9),
(28, 425274, 7.4),
(28, 936075, 6.7),
(28, 329505, 5.8),
(28, 1084577, 4.8),
(28, 1159831, 6.3),
(28, 1290821, 6.0),
(29, 1613798, 10.0),
(29, 424, 7.1),
(29, 1572073, 5.3),
(29, 533535, 4.3),
(29, 1010755, 5.7),
(29, 1266992, 5.4),
(29, 508947, 4.6),
(29, 1159831, 5.4),
(29, 1171145, 6.9),
(29, 967998, 7.4),
(29, 1233506, 5.6),
(30, 1613798, 0.0),
(30, 1193501, 7.0),
(30, 1241982, 5.0),
(30, 1010755, 7.0),
(30, 911430, 5.9),
(30, 807, 5.5),
(30, 315635, 5.9),
(30, 1168190, 6.3),
(30, 77338, 4.1),
(30, 1038392, 5.0),
(30, 634649, 5.2),
(30, 1228246, 6.4),
(30, 999136, 7.5),
(30, 1290821, 6.7),
(30, 50619, 5.8),
(30, 875828, 5.5),
(30, 350, 5.6),
(30, 299536, 4.5),
(30, 383498, 4.7),
(30, 226674, 7.4),
(30, 1049471, 7.1),
(31, 1613798, 10.0),
(31, 1646787, 6.7),
(31, 361743, 6.1),
(31, 1265609, 4.5),
(31, 980477, 5.8),
(31, 1115544, 5.8),
(31, 1601797, 5.6),
(31, 858024, 4.2),
(31, 1246049, 6.8),
(31, 1234821, 5.7),
(31, 7451, 7.0),
(31, 425274, 6.3),
(31, 1419406, 5.3),
(31, 1119449, 4.7),
(31, 617126, 4.1),
(31, 1193501, 5.4),
(31, 496243, 5.5),
(31, 671, 5.3),
(31, 634649, 5.4),
(32, 1613798, 0.0),
(32, 1241982, 4.5),
(32, 383498, 7.0),
(32, 155, 5.6),
(32, 1368166, 5.1),
(32, 677638, 4.8),
(32, 1387382, 4.5),
(32, 1290417, 6.8),
(32, 1419406, 6.6),
(32, 50619, 6.5),
(32, 122, 4.4),
(32, 497, 5.1),
(32, 1184918, 6.5),
(32, 1233413, 5.6),
(32, 315635, 6.0),
(32, 1416391, 6.2),
(32, 687163, 6.9),
(32, 1610418, 6.5),
(32, 1108427, 7.3),
(33, 1613798, 10.0),
(33, 807, 6.0),
(33, 1088434, 4.0),
(33, 1610418, 5.1),
(33, 1480387, 5.7),
(33, 1424965, 5.2),
(33, 980477, 5.7),
(33, 1011985, 4.8),
(33, 348, 4.2),
(33, 157336, 6.2),
(33, 1641319, 6.1),
(33, 1192548, 4.9),
(33, 1316092, 5.5),
(33, 755898, 6.8),
(33, 634649, 7.5),
(33, 28322, 6.2),
(33, 557, 6.5),
(34, 1613798, 0.0),
(34, 1022789, 4.7),
(34, 1192548, 4.5),
(34, 240, 4.5),
(34, 680493, 6.7),
(34, 1610418, 4.1),
(34, 803796, 5.4),
(34, 1159559, 6.3),
(34, 677638, 6.4),
(34, 214756, 5.7),
(34, 157336, 4.3),
(34, 299534, 4.1),
(34, 1233506, 6.2),
(34, 497, 6.1),
(34, 155, 6.5),
(34, 10138, 4.8),
(34, 1218925, 5.9),
(34, 425274, 7.2),
(34, 1110034, 4.4),
(34, 1265609, 6.2),
(34, 1601797, 5.6),
(35, 1613798, 10.0),
(35, 1241470, 6.6),
(35, 1159831, 5.6),
(35, 1010755, 5.2),
(35, 7451, 5.5),
(35, 1061474, 5.8),
(35, 383498, 6.0),
(35, 1228246, 7.2),
(35, 1272837, 7.3),
(35, 1054867, 6.5),
(35, 214756, 4.8),
(35, 508947, 5.1),
(35, 1192548, 4.9),
(35, 1646787, 5.9),
(36, 1613798, 0.0),
(36, 1266992, 6.1),
(36, 950396, 5.1),
(36, 1234821, 5.5),
(36, 1265609, 6.2),
(36, 671, 4.4),
(36, 634649, 4.8),
(36, 557, 5.5),
(36, 1314481, 4.2),
(36, 1480387, 5.2),
(36, 567609, 5.0),
(36, 7451, 5.4),
(36, 1297842, 6.3),
(37, 1613798, 10.0),
(37, 1368166, 5.5),
(37, 240, 5.6),
(37, 1233506, 4.1),
(37, 1297842, 6.4),
(37, 1241470, 6.1),
(37, 533535, 4.9),
(37, 1416391, 4.1),
(37, 10867, 6.8),
(37, 1241982, 4.2),
(37, 76600, 4.8),
(37, 1228246, 6.6),
(37, 1184918, 5.5),
(37, 502356, 7.4),
(37, 14836, 4.5),
(37, 1049471, 4.2),
(37, 299536, 6.7),
(38, 1613798, 0.0),
(38, 1242898, 6.3),
(38, 1325734, 5.8),
(38, 440249, 6.7),
(38, 50619, 6.4),
(38, 1171145, 6.3),
(38, 597, 4.7),
(38, 755898, 5.8),
(38, 1241982, 6.3),
(38, 1156594, 5.4),
(38, 1579, 4.4),
(38, 1470130, 6.2),
(38, 567609, 5.6),
(38, 1234731, 4.4),
(38, 76600, 6.1),
(38, 467905, 4.3),
(38, 1641319, 4.2),
(38, 181808, 4.4),
(38, 1228246, 4.9),
(39, 1613798, 10.0),
(39, 1416391, 6.2),
(39, 1582770, 5.5),
(39, 677638, 7.1),
(39, 1246049, 4.4),
(39, 680, 4.4),
(39, 324857, 4.8),
(39, 1610418, 5.8),
(39, 496243, 6.5),
(39, 24428, 7.5),
(39, 1325734, 5.3),
(39, 372058, 4.3),
(39, 402431, 7.3),
(39, 597, 7.2),
(39, 299536, 4.6),
(39, 1297842, 7.4),
(40, 1613798, 0.0),
(40, 1416391, 6.3),
(40, 1115544, 6.9),
(40, 38, 5.6),
(40, 1268127, 5.2),
(40, 533535, 6.3),
(40, 350, 6.1),
(40, 1084577, 4.3),
(40, 348, 7.1),
(40, 1241982, 6.9),
(40, 1234731, 5.4),
(40, 1601797, 4.1)
ON CONFLICT (user_id, movie_id) DO UPDATE SET rating = EXCLUDED.rating;

-- 3. Update Movie Stats
INSERT INTO movie_stats (movie_id, total_reviews, average_rating) VALUES
(1480387, 6, 5.4),
(81774, 3, 5.5),
(269149, 5, 5.5),
(597, 6, 5.8),
(1290821, 4, 7.0),
(967998, 4, 6.5),
(155, 5, 6.7),
(1387382, 7, 5.3),
(1088434, 3, 5.2),
(28322, 4, 6.7),
(13, 3, 6.4),
(1233506, 8, 5.5),
(808, 8, 6.3),
(122, 7, 6.2),
(875828, 6, 5.6),
(1408208, 2, 5.8),
(550, 4, 6.2),
(1171145, 3, 7.0),
(1022789, 4, 6.3),
(1268127, 3, 5.9),
(1314481, 5, 5.3),
(1241470, 4, 6.3),
(1159559, 4, 6.1),
(62029, 2, 7.3),
(299534, 5, 5.8),
(1290417, 6, 6.0),
(519182, 2, 5.7),
(1306368, 3, 7.1),
(980477, 6, 5.5),
(315635, 5, 6.2),
(1108427, 4, 5.6),
(10867, 3, 6.7),
(19995, 4, 6.1),
(1726, 5, 5.1),
(557, 5, 5.9),
(1416391, 6, 5.8),
(1184918, 9, 5.9),
(803796, 5, 5.9),
(1117857, 1, 5.4),
(27205, 1, 8.2),
(1418657, 3, 6.6),
(840464, 3, 6.1),
(402431, 7, 5.9),
(1297842, 6, 6.0),
(348, 7, 6.5),
(1192548, 14, 5.5),
(950396, 7, 6.5),
(991494, 4, 6.4),
(617126, 2, 5.5),
(1084577, 4, 5.1),
(240, 7, 5.4),
(911430, 4, 6.2),
(950387, 4, 6.4),
(1010755, 5, 6.4),
(1234821, 7, 5.6),
(329505, 3, 6.3),
(1316092, 5, 5.4),
(1424965, 3, 6.4),
(1472951, 4, 6.3),
(1646787, 9, 6.4),
(1119449, 3, 5.5),
(83533, 4, 9.0),
(10138, 4, 6.0),
(383498, 10, 6.3),
(214756, 4, 5.1),
(1246049, 4, 5.8),
(252969, 5, 6.2),
(278, 4, 7.1),
(361743, 4, 6.9),
(879945, 1, 8.1),
(508947, 5, 5.9),
(567609, 5, 5.9),
(1511057, 1, 8.4),
(1084242, 4, 6.1),
(615, 3, 5.6),
(564, 4, 5.7),
(1610418, 8, 6.0),
(372058, 4, 5.4),
(1193501, 5, 5.9),
(1156594, 6, 6.2),
(671, 6, 6.0),
(1579, 2, 4.8),
(680493, 3, 7.1),
(76600, 5, 5.3),
(848116, 4, 4.9),
(680, 4, 5.4),
(677638, 8, 6.0),
(1304313, 6, 6.7),
(299536, 11, 5.7),
(687163, 3, 6.0),
(129, 2, 6.2),
(1241982, 7, 5.8),
(662707, 4, 6.8),
(1061474, 5, 6.1),
(1038392, 5, 6.4),
(1367642, 4, 6.2),
(969681, 3, 5.7),
(1327819, 4, 5.5),
(1659087, 3, 5.8),
(1228246, 6, 6.2),
(1582770, 4, 4.8),
(1115544, 6, 5.8),
(38, 3, 6.0),
(1049471, 5, 5.7),
(1167307, 6, 6.0),
(1613798, 39, 4.9),
(1339876, 2, 5.5),
(5236, 5, 5.7),
(1641319, 3, 5.2),
(1266127, 2, 5.7),
(346698, 3, 6.5),
(936075, 7, 5.5),
(181808, 2, 5.5),
(999136, 2, 7.2),
(1168190, 3, 6.1),
(1110034, 4, 5.4),
(226674, 5, 5.6),
(50619, 6, 5.9),
(120, 2, 6.0),
(1272837, 3, 6.4),
(350, 4, 5.8),
(1107166, 2, 5.8),
(157336, 5, 5.1),
(424, 8, 5.9),
(807, 4, 5.8),
(798645, 1, 5.3),
(70435, 3, 5.0),
(1601797, 4, 5.6),
(441168, 3, 5.3),
(300496, 3, 4.9),
(1539104, 4, 5.2),
(324857, 5, 5.9),
(1658216, 3, 5.7),
(872585, 4, 6.6),
(440249, 3, 7.0),
(1233413, 5, 5.3),
(1159831, 5, 6.0),
(744275, 6, 5.1),
(238, 1, 6.2),
(425274, 5, 6.7),
(496243, 5, 6.5),
(1419406, 5, 5.7),
(1266992, 4, 6.3),
(1572073, 4, 5.2),
(1234731, 4, 5.0),
(1242898, 2, 5.2),
(20222, 1, 7.3),
(1315303, 1, 7.4),
(14836, 3, 5.9),
(569094, 1, 6.3),
(418579, 3, 6.1),
(603, 1, 5.1),
(77338, 3, 6.1),
(533535, 8, 5.3),
(1054867, 3, 6.0),
(24428, 2, 6.0),
(1470130, 2, 6.7),
(283995, 1, 6.2),
(1236153, 2, 6.2),
(1311031, 1, 6.8),
(1213898, 1, 4.9),
(858024, 3, 5.9),
(497, 4, 5.3),
(7451, 4, 5.5),
(634649, 5, 6.1),
(1368166, 4, 5.4),
(1011985, 2, 4.9),
(502356, 2, 6.2),
(1265609, 3, 5.6),
(755898, 2, 6.3),
(1218925, 1, 5.9),
(1325734, 2, 5.5),
(467905, 1, 4.3)
ON CONFLICT (movie_id) DO UPDATE 
SET 
    total_reviews = movie_stats.total_reviews + EXCLUDED.total_reviews,
    average_rating = ROUND(
        (movie_stats.total_reviews * movie_stats.average_rating + EXCLUDED.total_reviews * EXCLUDED.average_rating) 
        / (movie_stats.total_reviews + EXCLUDED.total_reviews), 1
    );
